organ,dose_gy,volume_pct
PTV_68,0.000,100.000
PTV_68,0.556,100.000
PTV_68,1.112,100.000
PTV_68,1.668,100.000
PTV_68,2.224,100.000
PTV_68,2.780,100.000
PTV_68,3.337,99.351
PTV_68,3.893,99.351
PTV_68,4.449,99.351
PTV_68,5.005,99.351
PTV_68,5.561,99.351
PTV_68,6.117,99.351
PTV_68,6.673,98.701
PTV_68,7.229,98.701
PTV_68,7.785,98.701
PTV_68,8.341,98.701
PTV_68,8.898,98.701
PTV_68,9.454,98.701
PTV_68,10.010,98.052
PTV_68,10.566,98.052
PTV_68,11.122,97.403
PTV_68,11.678,96.753
PTV_68,12.234,96.753
PTV_68,12.790,96.753
PTV_68,13.346,96.104
PTV_68,13.902,96.104
PTV_68,14.459,96.104
PTV_68,15.015,94.805
PTV_68,15.571,94.805
PTV_68,16.127,94.156
PTV_68,16.683,94.156
PTV_68,17.239,94.156
PTV_68,17.795,93.506
PTV_68,18.351,92.857
PTV_68,18.907,92.857
PTV_68,19.463,92.857
PTV_68,20.020,92.857
PTV_68,20.576,92.857
PTV_68,21.132,92.857
PTV_68,21.688,92.857
PTV_68,22.244,92.857
PTV_68,22.800,92.857
PTV_68,23.356,92.857
PTV_68,23.912,92.857
PTV_68,24.468,92.857
PTV_68,25.024,92.857
PTV_68,25.581,92.857
PTV_68,26.137,92.857
PTV_68,26.693,92.857
PTV_68,27.249,92.857
PTV_68,27.805,92.857
PTV_68,28.361,92.857
PTV_68,28.917,92.857
PTV_68,29.473,92.857
PTV_68,30.029,92.857
PTV_68,30.585,92.857
PTV_68,31.141,92.857
PTV_68,31.698,92.857
PTV_68,32.254,92.208
PTV_68,32.810,90.909
PTV_68,33.366,90.909
PTV_68,33.922,90.260
PTV_68,34.478,90.260
PTV_68,35.034,90.260
PTV_68,35.590,90.260
PTV_68,36.146,89.610
PTV_68,36.702,89.610
PTV_68,37.259,89.610
PTV_68,37.815,89.610
PTV_68,38.371,88.961
PTV_68,38.927,88.961
PTV_68,39.483,88.961
PTV_68,40.039,88.961
PTV_68,40.595,88.312
PTV_68,41.151,87.662
PTV_68,41.707,87.662
PTV_68,42.263,87.013
PTV_68,42.820,87.013
PTV_68,43.376,86.364
PTV_68,43.932,86.364
PTV_68,44.488,86.364
PTV_68,45.044,86.364
PTV_68,45.600,85.714
PTV_68,46.156,85.065
PTV_68,46.712,85.065
PTV_68,47.268,85.065
PTV_68,47.824,84.416
PTV_68,48.381,83.766
PTV_68,48.937,83.117
PTV_68,49.493,83.117
PTV_68,50.049,82.468
PTV_68,50.605,81.818
PTV_68,51.161,80.519
PTV_68,51.717,80.519
PTV_68,52.273,77.273
PTV_68,52.829,74.675
PTV_68,53.385,74.026
PTV_68,53.941,73.377
PTV_68,54.498,72.078
PTV_68,55.054,71.429
PTV_68,55.610,70.779
PTV_68,56.166,69.481
PTV_68,56.722,68.831
PTV_68,57.278,68.831
PTV_68,57.834,67.532
PTV_68,58.390,67.532
PTV_68,58.946,65.584
PTV_68,59.502,64.286
PTV_68,60.059,64.286
PTV_68,60.615,63.636
PTV_68,61.171,62.338
PTV_68,61.727,60.390
PTV_68,62.283,59.740
PTV_68,62.839,58.442
PTV_68,63.395,55.844
PTV_68,63.951,55.844
PTV_68,64.507,53.247
PTV_68,65.063,52.597
PTV_68,65.620,52.597
PTV_68,66.176,52.597
PTV_68,66.732,50.649
PTV_68,67.288,49.351
PTV_68,67.844,49.351
PTV_68,68.400,48.701
PTV_68,68.956,48.052
PTV_68,69.512,47.403
PTV_68,70.068,46.104
PTV_68,70.624,45.455
PTV_68,71.181,44.156
PTV_68,71.737,43.506
PTV_68,72.293,43.506
PTV_68,72.849,43.506
PTV_68,73.405,43.506
PTV_68,73.961,42.208
PTV_68,74.517,41.558
PTV_68,75.073,40.260
PTV_68,75.629,39.610
PTV_68,76.185,38.961
PTV_68,76.742,36.364
PTV_68,77.298,35.714
PTV_68,77.854,33.117
PTV_68,78.410,32.468
PTV_68,78.966,31.818
PTV_68,79.522,31.818
PTV_68,80.078,31.818
PTV_68,80.634,30.519
PTV_68,81.190,29.870
PTV_68,81.746,29.221
PTV_68,82.302,27.273
PTV_68,82.859,26.623
PTV_68,83.415,26.623
PTV_68,83.971,25.325
PTV_68,84.527,24.675
PTV_68,85.083,23.377
PTV_68,85.639,22.727
PTV_68,86.195,21.429
PTV_68,86.751,19.481
PTV_68,87.307,17.532
PTV_68,87.863,16.883
PTV_68,88.420,16.234
PTV_68,88.976,13.636
PTV_68,89.532,12.338
PTV_68,90.088,11.688
PTV_68,90.644,11.039
PTV_68,91.200,11.039
PTV_68,91.756,10.390
PTV_68,92.312,10.390
PTV_68,92.868,9.091
PTV_68,93.424,8.442
PTV_68,93.981,7.792
PTV_68,94.537,7.792
PTV_68,95.093,7.143
PTV_68,95.649,5.844
PTV_68,96.205,5.195
PTV_68,96.761,4.545
PTV_68,97.317,4.545
PTV_68,97.873,3.896
PTV_68,98.429,3.896
PTV_68,98.985,2.597
PTV_68,99.542,2.597
PTV_68,100.098,1.948
PTV_68,100.654,1.948
PTV_68,101.210,1.948
PTV_68,101.766,1.948
PTV_68,102.322,1.299
PTV_68,102.878,1.299
PTV_68,103.434,1.299
PTV_68,103.990,1.299
PTV_68,104.546,1.299
PTV_68,105.102,1.299
PTV_68,105.659,0.649
PTV_68,106.215,0.649
PTV_68,106.771,0.649
PTV_68,107.327,0.649
PTV_68,107.883,0.649
PTV_68,108.439,0.649
PTV_68,108.995,0.649
PTV_68,109.551,0.649
PTV_68,110.107,0.649
PTV_68,110.663,0.649
PTV_68,111.220,0.649
Bladder,0.000,100.000
Bladder,0.434,76.471
Bladder,0.867,70.588
Bladder,1.301,66.667
Bladder,1.735,66.667
Bladder,2.168,66.667
Bladder,2.602,64.706
Bladder,3.036,60.784
Bladder,3.470,60.784
Bladder,3.903,60.784
Bladder,4.337,56.863
Bladder,4.771,56.863
Bladder,5.204,56.863
Bladder,5.638,54.902
Bladder,6.072,52.941
Bladder,6.505,49.020
Bladder,6.939,47.059
Bladder,7.373,47.059
Bladder,7.806,47.059
Bladder,8.240,45.098
Bladder,8.674,45.098
Bladder,9.108,45.098
Bladder,9.541,43.137
Bladder,9.975,41.176
Bladder,10.409,39.216
Bladder,10.842,39.216
Bladder,11.276,39.216
Bladder,11.710,37.255
Bladder,12.143,37.255
Bladder,12.577,35.294
Bladder,13.011,35.294
Bladder,13.444,35.294
Bladder,13.878,35.294
Bladder,14.312,35.294
Bladder,14.745,33.333
Bladder,15.179,33.333
Bladder,15.613,33.333
Bladder,16.047,33.333
Bladder,16.480,33.333
Bladder,16.914,33.333
Bladder,17.348,33.333
Bladder,17.781,33.333
Bladder,18.215,33.333
Bladder,18.649,33.333
Bladder,19.082,33.333
Bladder,19.516,33.333
Bladder,19.950,31.373
Bladder,20.383,31.373
Bladder,20.817,31.373
Bladder,21.251,31.373
Bladder,21.685,31.373
Bladder,22.118,31.373
Bladder,22.552,31.373
Bladder,22.986,31.373
Bladder,23.419,31.373
Bladder,23.853,31.373
Bladder,24.287,31.373
Bladder,24.720,31.373
Bladder,25.154,31.373
Bladder,25.588,31.373
Bladder,26.021,31.373
Bladder,26.455,31.373
Bladder,26.889,31.373
Bladder,27.323,31.373
Bladder,27.756,31.373
Bladder,28.190,31.373
Bladder,28.624,31.373
Bladder,29.057,31.373
Bladder,29.491,29.412
Bladder,29.925,29.412
Bladder,30.358,29.412
Bladder,30.792,29.412
Bladder,31.226,29.412
Bladder,31.659,29.412
Bladder,32.093,29.412
Bladder,32.527,25.490
Bladder,32.961,23.529
Bladder,33.394,23.529
Bladder,33.828,23.529
Bladder,34.262,23.529
Bladder,34.695,23.529
Bladder,35.129,23.529
Bladder,35.563,23.529
Bladder,35.996,23.529
Bladder,36.430,23.529
Bladder,36.864,23.529
Bladder,37.297,23.529
Bladder,37.731,23.529
Bladder,38.165,23.529
Bladder,38.598,23.529
Bladder,39.032,23.529
Bladder,39.466,23.529
Bladder,39.900,23.529
Bladder,40.333,23.529
Bladder,40.767,23.529
Bladder,41.201,23.529
Bladder,41.634,23.529
Bladder,42.068,23.529
Bladder,42.502,23.529
Bladder,42.935,23.529
Bladder,43.369,23.529
Bladder,43.803,23.529
Bladder,44.236,23.529
Bladder,44.670,21.569
Bladder,45.104,21.569
Bladder,45.538,19.608
Bladder,45.971,19.608
Bladder,46.405,19.608
Bladder,46.839,19.608
Bladder,47.272,19.608
Bladder,47.706,19.608
Bladder,48.140,19.608
Bladder,48.573,19.608
Bladder,49.007,19.608
Bladder,49.441,19.608
Bladder,49.874,19.608
Bladder,50.308,15.686
Bladder,50.742,11.765
Bladder,51.176,11.765
Bladder,51.609,11.765
Bladder,52.043,11.765
Bladder,52.477,11.765
Bladder,52.910,9.804
Bladder,53.344,9.804
Bladder,53.778,9.804
Bladder,54.211,9.804
Bladder,54.645,9.804
Bladder,55.079,9.804
Bladder,55.512,9.804
Bladder,55.946,9.804
Bladder,56.380,9.804
Bladder,56.814,9.804
Bladder,57.247,9.804
Bladder,57.681,9.804
Bladder,58.115,7.843
Bladder,58.548,7.843
Bladder,58.982,7.843
Bladder,59.416,7.843
Bladder,59.849,7.843
Bladder,60.283,7.843
Bladder,60.717,7.843
Bladder,61.150,7.843
Bladder,61.584,7.843
Bladder,62.018,7.843
Bladder,62.452,7.843
Bladder,62.885,7.843
Bladder,63.319,7.843
Bladder,63.753,7.843
Bladder,64.186,7.843
Bladder,64.620,7.843
Bladder,65.054,7.843
Bladder,65.487,7.843
Bladder,65.921,5.882
Bladder,66.355,5.882
Bladder,66.788,5.882
Bladder,67.222,5.882
Bladder,67.656,5.882
Bladder,68.089,5.882
Bladder,68.523,3.922
Bladder,68.957,3.922
Bladder,69.391,3.922
Bladder,69.824,3.922
Bladder,70.258,3.922
Bladder,70.692,3.922
Bladder,71.125,3.922
Bladder,71.559,3.922
Bladder,71.993,3.922
Bladder,72.426,3.922
Bladder,72.860,3.922
Bladder,73.294,3.922
Bladder,73.727,3.922
Bladder,74.161,3.922
Bladder,74.595,3.922
Bladder,75.029,3.922
Bladder,75.462,3.922
Bladder,75.896,3.922
Bladder,76.330,3.922
Bladder,76.763,3.922
Bladder,77.197,1.961
Bladder,77.631,1.961
Bladder,78.064,1.961
Bladder,78.498,1.961
Bladder,78.932,1.961
Bladder,79.365,1.961
Bladder,79.799,1.961
Bladder,80.233,1.961
Bladder,80.667,1.961
Bladder,81.100,1.961
Bladder,81.534,1.961
Bladder,81.968,1.961
Bladder,82.401,1.961
Bladder,82.835,1.961
Bladder,83.269,1.961
Bladder,83.702,1.961
Bladder,84.136,1.961
Bladder,84.570,1.961
Bladder,85.003,1.961
Bladder,85.437,1.961
Bladder,85.871,1.961
Bladder,86.305,1.961
Bladder,86.738,1.961
Rectum,0.000,100.000
Rectum,0.407,100.000
Rectum,0.814,100.000
Rectum,1.221,96.078
Rectum,1.628,90.196
Rectum,2.035,84.314
Rectum,2.442,84.314
Rectum,2.849,82.353
Rectum,3.255,78.431
Rectum,3.662,74.510
Rectum,4.069,74.510
Rectum,4.476,74.510
Rectum,4.883,70.588
Rectum,5.290,70.588
Rectum,5.697,68.627
Rectum,6.104,68.627
Rectum,6.511,68.627
Rectum,6.918,66.667
Rectum,7.325,66.667
Rectum,7.732,64.706
Rectum,8.139,62.745
Rectum,8.546,62.745
Rectum,8.953,62.745
Rectum,9.359,62.745
Rectum,9.766,62.745
Rectum,10.173,62.745
Rectum,10.580,62.745
Rectum,10.987,62.745
Rectum,11.394,62.745
Rectum,11.801,58.824
Rectum,12.208,56.863
Rectum,12.615,56.863
Rectum,13.022,56.863
Rectum,13.429,54.902
Rectum,13.836,54.902
Rectum,14.243,54.902
Rectum,14.650,54.902
Rectum,15.057,54.902
Rectum,15.463,54.902
Rectum,15.870,54.902
Rectum,16.277,54.902
Rectum,16.684,54.902
Rectum,17.091,54.902
Rectum,17.498,54.902
Rectum,17.905,54.902
Rectum,18.312,54.902
Rectum,18.719,52.941
Rectum,19.126,52.941
Rectum,19.533,52.941
Rectum,19.940,52.941
Rectum,20.347,50.980
Rectum,20.754,50.980
Rectum,21.161,50.980
Rectum,21.568,50.980
Rectum,21.974,50.980
Rectum,22.381,50.980
Rectum,22.788,50.980
Rectum,23.195,49.020
Rectum,23.602,47.059
Rectum,24.009,47.059
Rectum,24.416,47.059
Rectum,24.823,47.059
Rectum,25.230,47.059
Rectum,25.637,47.059
Rectum,26.044,45.098
Rectum,26.451,43.137
Rectum,26.858,43.137
Rectum,27.265,41.176
Rectum,27.672,39.216
Rectum,28.078,37.255
Rectum,28.485,37.255
Rectum,28.892,37.255
Rectum,29.299,37.255
Rectum,29.706,35.294
Rectum,30.113,35.294
Rectum,30.520,35.294
Rectum,30.927,35.294
Rectum,31.334,35.294
Rectum,31.741,35.294
Rectum,32.148,33.333
Rectum,32.555,33.333
Rectum,32.962,33.333
Rectum,33.369,33.333
Rectum,33.776,33.333
Rectum,34.182,33.333
Rectum,34.589,33.333
Rectum,34.996,31.373
Rectum,35.403,31.373
Rectum,35.810,31.373
Rectum,36.217,31.373
Rectum,36.624,31.373
Rectum,37.031,31.373
Rectum,37.438,31.373
Rectum,37.845,31.373
Rectum,38.252,31.373
Rectum,38.659,31.373
Rectum,39.066,31.373
Rectum,39.473,31.373
Rectum,39.880,31.373
Rectum,40.286,31.373
Rectum,40.693,31.373
Rectum,41.100,31.373
Rectum,41.507,29.412
Rectum,41.914,29.412
Rectum,42.321,29.412
Rectum,42.728,29.412
Rectum,43.135,29.412
Rectum,43.542,29.412
Rectum,43.949,29.412
Rectum,44.356,29.412
Rectum,44.763,29.412
Rectum,45.170,29.412
Rectum,45.577,29.412
Rectum,45.984,27.451
Rectum,46.390,27.451
Rectum,46.797,27.451
Rectum,47.204,27.451
Rectum,47.611,27.451
Rectum,48.018,27.451
Rectum,48.425,25.490
Rectum,48.832,25.490
Rectum,49.239,25.490
Rectum,49.646,21.569
Rectum,50.053,21.569
Rectum,50.460,21.569
Rectum,50.867,19.608
Rectum,51.274,19.608
Rectum,51.681,17.647
Rectum,52.088,15.686
Rectum,52.494,15.686
Rectum,52.901,13.725
Rectum,53.308,11.765
Rectum,53.715,11.765
Rectum,54.122,11.765
Rectum,54.529,11.765
Rectum,54.936,11.765
Rectum,55.343,11.765
Rectum,55.750,11.765
Rectum,56.157,11.765
Rectum,56.564,11.765
Rectum,56.971,11.765
Rectum,57.378,11.765
Rectum,57.785,11.765
Rectum,58.192,9.804
Rectum,58.598,9.804
Rectum,59.005,9.804
Rectum,59.412,9.804
Rectum,59.819,9.804
Rectum,60.226,9.804
Rectum,60.633,9.804
Rectum,61.040,9.804
Rectum,61.447,9.804
Rectum,61.854,9.804
Rectum,62.261,9.804
Rectum,62.668,9.804
Rectum,63.075,9.804
Rectum,63.482,9.804
Rectum,63.889,9.804
Rectum,64.296,9.804
Rectum,64.703,9.804
Rectum,65.109,9.804
Rectum,65.516,9.804
Rectum,65.923,9.804
Rectum,66.330,7.843
Rectum,66.737,7.843
Rectum,67.144,7.843
Rectum,67.551,7.843
Rectum,67.958,7.843
Rectum,68.365,7.843
Rectum,68.772,7.843
Rectum,69.179,7.843
Rectum,69.586,7.843
Rectum,69.993,7.843
Rectum,70.400,5.882
Rectum,70.807,5.882
Rectum,71.213,3.922
Rectum,71.620,1.961
Rectum,72.027,1.961
Rectum,72.434,1.961
Rectum,72.841,1.961
Rectum,73.248,1.961
Rectum,73.655,1.961
Rectum,74.062,1.961
Rectum,74.469,1.961
Rectum,74.876,1.961
Rectum,75.283,1.961
Rectum,75.690,1.961
Rectum,76.097,1.961
Rectum,76.504,1.961
Rectum,76.911,1.961
Rectum,77.317,1.961
Rectum,77.724,1.961
Rectum,78.131,1.961
Rectum,78.538,1.961
Rectum,78.945,1.961
Rectum,79.352,1.961
Rectum,79.759,1.961
Rectum,80.166,1.961
Rectum,80.573,1.961
Rectum,80.980,1.961
Rectum,81.387,1.961
