eval,angles_deg,objective,cached,ptv_PTVHD_u2,ptv_PTVLD_u2,oar_BLADDER_v2,oar_RECTUM_v2
1,"70;75;125;255",105087.130205,false,7848.576851,27362.283518,83380.199056,56372.340615
2,"65;75;125;255",104604.728711,false,7963.747836,27122.479667,82729.705929,56307.296488
3,"70;80;125;255",103742.341248,false,7962.507884,26970.647684,84157.602544,53460.768816
4,"70;75;120;255",106951.978306,false,8113.078638,27947.652415,85067.336280,56715.158226
5,"70;75;130;255",104253.812461,false,7519.037275,27479.192225,82075.709886,56435.456037
6,"70;75;125;250",106660.842365,false,7572.144244,28158.924820,82922.775217,58936.771384
7,"70;75;125;260",106518.364546,false,7665.329524,27812.879774,82297.107983,59783.202514
8,"65;80;125;255",102593.871355,false,7808.507647,26574.016999,82945.592488,53477.100929
9,"75;80;125;255",104428.348214,false,8200.566452,26819.197828,84526.707900,54290.459968
10,"70;75;125;255",105087.130205,true,7848.576851,27362.283518,83380.199056,56372.340615
11,"70;85;125;255",104421.428118,false,7786.060155,27185.221764,82258.605522,56641.686877
12,"70;80;120;255",105861.911284,false,8238.142778,27714.449704,85757.082296,54061.555308
13,"70;80;130;255",102953.836018,false,7544.219090,26992.155101,82784.935676,54049.987978
14,"70;80;125;250",104552.148379,false,7701.783379,27428.047422,83303.069739,55541.565417
15,"70;80;125;260",104852.490148,false,7901.603022,27228.468250,83379.793286,56065.044467
16,"60;80;125;255",101145.478821,false,7464.851284,26582.266892,81541.345710,52655.375579
17,"70;80;125;255",103742.341248,true,7962.507884,26970.647684,84157.602544,53460.768816
18,"65;75;125;255",104604.728711,true,7963.747836,27122.479667,82729.705929,56307.296488
19,"65;85;125;255",103254.506398,false,7603.113700,26851.606529,81138.249190,56461.323148
20,"65;80;120;255",104802.730012,false,8081.062121,27255.361723,84800.967434,54131.644902
21,"65;80;130;255",102012.751315,false,7449.232007,26700.268927,81621.354604,54105.146159
22,"65;80;125;250",103883.806713,false,7738.965069,27106.917351,82122.424427,55953.424158
23,"65;80;125;260",104047.107277,false,7844.708905,26876.087265,82658.022856,55994.599359
24,"55;80;125;255",100934.864192,false,7317.949008,26595.655049,81665.166251,52377.354019
25,"65;80;125;255",102593.871355,true,7808.507647,26574.016999,82945.592488,53477.100929
26,"60;75;125;255",103211.349532,false,7569.947204,27036.874467,81782.896806,55426.158915
27,"60;85;125;255",102018.993878,false,7317.880695,26858.485219,80180.951470,55504.304456
28,"60;80;120;255",103169.659359,false,7725.079092,27164.852517,83510.308388,53049.147111
29,"60;80;130;255",100536.951776,false,7115.021998,26681.183934,80265.856686,53215.635002
30,"60;80;125;250",102581.951606,false,7473.740943,27192.941133,80562.094208,55268.444853
31,"60;80;125;260",102697.377908,false,7624.735357,26689.596501,81408.584449,55357.507650
32,"55;80;130;255",100491.755986,false,7022.878369,26741.098315,80831.797793,52623.760811
33,"65;80;130;255",102012.751315,true,7449.232007,26700.268927,81621.354604,54105.146159
34,"60;75;130;255",103235.101288,false,7362.574377,27168.329942,81778.593372,55629.800566
35,"60;85;130;255",101584.008211,false,7006.239919,27093.048449,79117.947714,55851.491971
36,"60;80;125;255",101145.478821,true,7464.851284,26582.266892,81541.345710,52655.375579
37,"60;80;135;255",98588.599740,false,6753.568864,25385.444048,79532.173409,53367.000247
38,"60;80;130;250",102002.351595,false,6967.355657,27421.487282,79541.618767,55685.398544
39,"60;80;130;260",102025.117296,false,7152.023995,26920.740188,80508.389283,55396.316944
40,"55;80;135;255",98674.947056,false,6685.960832,25547.369011,79579.463012,53303.771415
41,"65;80;135;255",99923.362675,false,6968.030739,25461.343028,80788.467417,54199.510399
42,"60;75;135;255",100972.069607,false,6805.982262,25800.157660,80656.793854,56075.065517
43,"60;85;135;255",99754.476279,false,6658.988789,25819.846681,78599.363744,55951.917872
44,"60;80;130;255",100536.951776,true,7115.021998,26681.183934,80265.856686,53215.635002
45,"60;80;140;255",95057.423574,false,6531.564090,24244.987823,79938.567336,48623.175986
46,"60;80;135;250",100349.036228,false,6575.555721,26139.241654,79425.077948,55843.399758
47,"60;80;135;260",100162.559216,false,6854.918711,25657.946288,79737.959657,55561.428777
48,"55;80;140;255",95336.475715,false,6647.366812,24368.486447,80189.632688,48451.612225
49,"65;80;140;255",96406.101866,false,6733.271069,24311.452893,81137.286407,49585.469401
50,"60;75;140;255",96825.584515,false,6515.856119,24530.674101,80037.351485,51520.757105
51,"60;85;140;255",96027.434053,false,6509.540869,24511.183737,78812.962739,51200.456154
52,"60;80;135;255",98588.599740,true,6753.568864,25385.444048,79532.173409,53367.000247
53,"60;80;145;255",99160.928070,false,6464.888233,25948.390710,80722.720901,52772.577353
54,"60;80;140;250",96060.227520,false,6392.236870,24824.572353,79385.858080,50300.978516
55,"60;80;140;260",95939.600069,false,6503.550303,24346.610580,79878.343227,50300.535146
56,"66;80;146;261",101312.043799,false,6469.252486,26346.774679,82337.761308,54654.271959
57,"61;80;146;261",101064.943820,false,6418.135366,26209.785790,81911.717681,54962.327647
58,"71;80;146;261",102052.410193,false,6583.105728,26613.559566,82362.784432,55348.705364
59,"66;75;146;261",102960.635805,false,6340.154408,27120.695663,81171.889312,57827.682156
60,"66;85;146;261",102731.268698,false,6413.058256,27074.355830,80133.609953,58354.099272
61,"66;80;141;261",96380.802284,false,6281.914608,24566.778876,81317.015818,49747.201781
62,"66;80;151;261",103008.262058,false,6611.284517,27194.600820,82817.521835,55587.231606
63,"66;80;146;256",98752.807376,false,6178.477258,25851.600668,82017.877274,51427.581624
64,"66;80;146;266",99832.410107,false,6044.524890,26433.038097,81569.023501,53140.670737
65,"61;80;141;261",95965.095428,false,6199.937696,24541.778444,80598.437271,49848.321306
66,"71;80;141;261",96872.639567,false,6427.470710,24602.853123,81366.750530,50317.880939
67,"66;75;141;261",97438.143092,false,6120.920199,24967.195986,80109.334641,52590.719173
68,"66;85;141;261",97285.832828,false,6206.769220,24972.120616,79257.302873,52956.583110
69,"66;80;136;261",101747.072989,false,6781.861913,26249.284976,82296.723089,55135.129110
70,"66;80;146;261",101312.043799,true,6469.252486,26346.774679,82337.761308,54654.271959
71,"66;80;141;256",94062.176295,false,6036.818708,24101.028634,81112.359288,46736.298619
72,"66;80;141;266",95238.006212,false,6006.159359,24747.358646,80414.752986,48554.223428
73,"61;80;141;256",93385.899934,false,5962.330736,24043.455908,80063.128325,46697.098253
74,"71;80;141;256",94854.652015,false,6238.279360,24212.233894,81697.650559,47110.626963
75,"66;75;141;256",94824.826031,false,5991.348028,24389.021061,80318.179836,48570.734047
76,"66;85;141;256",94096.994676,false,5997.190948,24279.188706,79304.671325,48336.558719
77,"66;80;136;256",98662.027402,false,6401.500572,25612.986674,81975.999083,51319.081228
78,"66;80;146;256",98752.807376,true,6178.477258,25851.600668,82017.877274,51427.581624
79,"66;80;141;251",96643.804969,false,6368.656860,24923.735203,80064.396600,50638.429212
80,"66;80;141;261",96380.802284,true,6281.914608,24566.778876,81317.015818,49747.201781
81,"56;80;141;256",93122.579538,false,6002.975012,24051.215487,80175.217888,45961.560191
82,"66;80;141;256",94062.176295,true,6036.818708,24101.028634,81112.359288,46736.298619
83,"61;75;141;256",94688.529413,false,5953.578477,24380.917752,80224.165507,48483.900860
84,"61;85;141;256",93886.758230,false,5961.836114,24314.701923,78891.481747,48328.958639
85,"61;80;136;256",97882.564552,false,6272.090859,25639.363218,80602.139708,51340.081241
86,"61;80;146;256",98306.687759,false,6119.621847,25887.831152,81180.209092,51418.260428
87,"61;80;141;251",95847.744949,false,6205.456062,24879.889921,79113.551153,50411.246779
88,"61;80;141;261",95965.095428,true,6199.937696,24541.778444,80598.437271,49848.321306
89,"51;80;141;256",93188.649292,false,6069.262027,24034.304778,80316.813360,45853.351614
90,"61;80;141;256",93385.899934,true,5962.330736,24043.455908,80063.128325,46697.098253
91,"56;75;141;256",94171.322099,false,5867.677465,24290.277864,80238.617413,47788.116127
92,"56;85;141;256",93611.618557,false,5865.034427,24344.750660,79137.415774,47666.251167
93,"56;80;136;256",97419.170838,false,6281.501924,25766.754446,80539.701214,50202.127721
94,"56;80;146;256",97585.277056,false,6072.236265,25760.860969,81050.050885,50454.308758
95,"56;80;141;251",95491.664074,false,6123.360533,24870.929598,79505.895008,49488.852877
96,"56;80;141;261",95301.071476,false,6125.707829,24481.708227,80284.221410,49103.089429
97,"49;89;141;249",95342.672826,false,5821.602320,24963.696201,79727.738392,49387.010218
98,"44;89;141;249",95239.196746,false,5786.707615,25000.554682,79124.673827,49779.195070
99,"54;89;141;249",95458.929363,false,5874.423137,24937.981868,79427.117597,49865.931119
100,"49;84;141;249",96357.776801,false,5986.814711,25077.197014,79659.807039,50927.723111
101,"49;94;141;249",93529.622158,false,5762.903230,24714.373202,79830.891571,46273.799881
102,"49;89;136;249",100765.656633,false,6007.983944,27183.131831,80430.677090,54718.404626
103,"49;89;146;249",100325.276961,false,5871.733626,27018.452667,80846.068536,54024.112801
104,"49;89;141;244",95397.922547,false,5831.560111,25095.819585,78865.881429,50075.204274
105,"49;89;141;254",95004.609656,false,6055.727203,24595.391800,79437.305160,49269.676145
106,"44;94;141;249",93420.957962,false,5726.100840,24689.689549,79594.766866,46415.568279
107,"54;94;141;249",93574.546085,false,5705.146978,24624.911660,79942.514931,46546.459963
108,"49;89;141;249",95342.672826,true,5821.602320,24963.696201,79727.738392,49387.010218
109,"49;99;141;249",93795.051319,false,6002.803886,24319.892865,80095.111780,46849.597356
110,"49;94;136;249",98594.575493,false,5944.933154,26634.462992,79859.326458,52171.032237
111,"49;94;146;249",98090.808291,false,5812.786682,26530.609712,80009.554672,51485.269124
112,"49;94;141;244",93851.848676,false,5785.692735,24891.669136,79054.335957,47294.637654
113,"49;94;141;254",93051.986597,false,5940.452577,24278.258970,79642.265214,46024.284887
114,"44;94;141;254",92925.630747,false,5911.482127,24264.161599,79433.566255,46066.407787
115,"54;94;141;254",93086.216343,false,5923.931508,24173.784020,79736.519979,46240.481651
116,"49;89;141;254",95004.609656,true,6055.727203,24595.391800,79437.305160,49269.676145
117,"49;99;141;254",93194.860936,false,6216.897692,23926.037625,79755.255808,46348.595430
118,"49;94;136;254",97606.469164,false,6072.574739,26090.704406,79505.541520,51380.838517
119,"49;94;146;254",97298.758566,false,6027.619871,25995.586379,79728.112048,50822.992585
120,"49;94;141;249",93529.622158,true,5762.903230,24714.373202,79830.891571,46273.799881
121,"49;94;141;259",94542.248149,false,5869.672453,24882.564607,79366.423384,48213.598794
122,"39;94;141;254",92468.428232,false,5933.981440,24163.186031,78787.548988,45954.972532
123,"49;94;141;254",93051.986597,true,5940.452577,24278.258970,79642.265214,46024.284887
124,"44;89;141;254",94844.188729,false,6036.401869,24642.414451,78878.984053,49451.760764
125,"44;99;141;254",93144.802744,false,6176.866041,23956.524550,79476.160096,46546.664210
126,"44;94;136;254",97226.066024,false,5967.200623,25999.341911,79081.737671,51437.309308
127,"44;94;146;254",97175.571352,false,6037.029222,25942.386483,79361.937953,51030.373341
128,"44;94;141;249",93420.957962,true,5726.100840,24689.689549,79594.766866,46415.568279
129,"44;94;141;259",94432.662742,false,5840.790037,24912.288004,78978.641699,48380.527705
130,"34;94;141;254",92320.916143,false,5875.763417,24226.616145,78438.554398,45998.518763
131,"44;94;141;254",92925.630747,true,5911.482127,24264.161599,79433.566255,46066.407787
132,"39;89;141;254",94351.664033,false,5977.199462,24580.122103,78342.204278,49246.480658
133,"39;99;141;254",92641.871052,false,6082.978469,23923.068668,78811.221225,46460.426605
134,"39;94;136;254",96889.131394,false,6120.003218,25985.824318,78413.627776,51152.979938
135,"39;94;146;254",96658.125635,false,6066.042963,25774.216033,78746.846229,50888.887050
136,"39;94;141;249",92885.538775,false,5733.729859,24519.645665,78913.352243,46350.974259
137,"39;94;141;259",93862.693485,false,5803.858499,24726.444786,78337.269829,48327.510570
138,"29;94;141;254",92498.894712,false,5959.289045,24303.351628,77883.901883,46588.606196
139,"39;94;141;254",92468.428232,true,5933.981440,24163.186031,78787.548988,45954.972532
140,"34;89;141;254",94424.739247,false,6114.273970,24629.314263,78045.842119,49316.459910
141,"34;99;141;254",92775.384621,false,6212.435495,24042.908185,78478.562846,46561.519036
142,"34;94;136;254",97029.739181,false,6123.871247,26048.507200,78391.414528,51323.306939
143,"34;94;146;254",96574.892314,false,6026.127020,25874.323755,78413.418091,50935.464988
144,"34;94;141;249",92889.432872,false,5702.534173,24661.359997,78660.941297,46390.136108
145,"34;94;141;259",93878.514604,false,5779.104588,24823.114691,78087.894329,48464.696321
146,"25;103;133;254",95298.999749,false,6130.794010,25610.668073,76477.915254,50637.160079
147,"20;103;133;254",95604.409164,false,6274.074718,25711.878347,76116.721425,51120.190771
148,"30;103;133;254",95532.763366,false,6208.065307,25706.946910,76833.366389,50402.135909
149,"25;98;133;254",96968.958224,false,6712.914248,25220.526499,77230.679573,52840.355380
150,"25;108;133;254",98020.149092,false,6740.027803,25797.049957,76878.061580,54088.081083
151,"25;103;128;254",97255.919339,false,6384.971766,26580.505876,77707.113175,50873.770217
152,"25;103;138;254",95898.868165,false,5991.467360,26231.271300,76481.388319,50870.870691
153,"25;103;133;249",96239.615322,false,6105.438652,26023.190453,77021.181281,51200.791154
154,"25;103;133;259",97016.766074,false,6245.209251,26130.173632,76140.021314,53142.745069
155,"34;103;149;245",96840.414051,false,5935.247877,26408.733078,77612.944522,51379.921669
156,"29;103;149;245",96830.842158,false,5937.787088,26374.387297,77412.210627,51625.124920
157,"39;103;149;245",96835.927753,false,5950.950982,26351.714915,77705.500607,51361.023105
158,"34;98;149;245",98433.320301,false,6198.980455,26082.790485,78461.058565,53842.040156
159,"34;108;149;245",99222.629757,false,6270.320991,26752.463376,77884.390502,54515.300279
160,"34;103;144;245",95244.477188,false,5929.676951,25458.103879,77581.574583,50131.818133
161,"34;103;154;245",97036.468848,false,5803.657844,26535.682029,78546.849939,50847.408012
162,"34;103;149;240",96561.468624,false,5875.081259,26446.469804,77695.793007,50784.042117
163,"34;103;149;250",96846.358873,false,5908.635235,26283.255792,78270.138513,51038.797180
164,"29;103;144;245",95371.182039,false,6022.084368,25424.549028,77407.266279,50441.831006
165,"39;103;144;245",95169.336985,false,5942.223855,25434.856712,77579.546915,50004.965921
166,"34;98;144;245",96653.072999,false,6190.733153,25113.307334,78207.481569,52490.583455
167,"34;108;144;245",97831.857724,false,6285.871563,25836.049151,77828.290601,53591.583419
168,"34;103;139;245",96972.260721,false,5802.199672,26655.796076,77657.286241,51371.243703
169,"34;103;149;245",96840.414051,true,5935.247877,26408.733078,77612.944522,51379.921669
170,"34;103;144;240",94956.605773,false,5882.582943,25473.815809,77419.525930,49780.888114
171,"34;103;144;250",95253.673650,false,5882.100513,25376.148322,78081.645296,49909.204334
172,"29;103;144;240",95025.181744,false,5941.972874,25445.230630,77218.394006,50057.562472
173,"39;103;144;240",94809.241400,false,5870.408006,25399.839662,77464.877261,49613.110202
174,"34;98;144;240",96412.614160,false,6146.399126,25085.703785,78305.126447,52055.896052
175,"34;108;144;240",97433.027903,false,6263.879168,25759.238693,77491.200265,53328.619817
176,"34;103;139;240",96458.338713,false,5725.020822,26645.070545,77351.856120,50824.638572
177,"34;103;149;240",96561.468624,true,5875.081259,26446.469804,77695.793007,50784.042117
178,"34;103;144;235",94808.061879,false,5856.067640,25433.632720,77924.406487,49112.316550
179,"34;103;144;245",95244.477188,true,5929.676951,25458.103879,77581.574583,50131.818133
180,"29;103;144;235",94924.760610,false,6005.854678,25332.246761,77637.211591,49536.106749
181,"39;103;144;235",94896.305430,false,5922.216377,25356.022927,77936.198221,49299.934032
182,"34;98;144;235",96305.867361,false,6108.109267,25057.240580,79039.868851,51241.166176
183,"34;108;144;235",97314.735217,false,6151.899099,25891.106046,77683.968771,52859.491373
184,"34;103;139;235",96332.600428,false,5700.248048,26523.211378,77619.067742,50599.214262
185,"34;103;149;235",96221.125656,false,5768.908641,26358.060956,78202.964708,49985.347412
186,"34;103;144;230",94466.369430,false,5794.199346,25332.199647,78242.115807,48437.825068
187,"34;103;144;240",94956.605773,true,5882.582943,25473.815809,77419.525930,49780.888114
188,"29;103;144;230",94462.193901,false,5879.244734,25289.701596,77753.541956,48832.953185
189,"39;103;144;230",94521.186631,false,5826.174846,25274.329087,78246.330233,48595.035164
190,"34;98;144;230",95874.067334,false,6076.893004,24882.227787,79281.486332,50548.406756
191,"34;108;144;230",96842.005770,false,6104.667819,25727.136324,77772.051434,52248.351821
192,"34;103;139;230",95928.484774,false,5724.583039,26309.217283,77765.678150,50023.690752
193,"34;103;149;230",95872.814175,false,5688.308261,26199.272420,78615.506454,49354.960534
194,"34;103;144;225",93342.533068,false,5668.292571,24871.911677,78899.438505,46705.219134
195,"34;103;144;235",94808.061879,true,5856.067640,25433.632720,77924.406487,49112.316550
196,"29;103;144;225",93218.743308,false,5648.586296,24802.010235,78824.983122,46711.310432
197,"39;103;144;225",93372.336476,false,5655.662910,24828.969745,79116.678009,46658.729632
198,"34;98;144;225",95294.981910,false,5955.427941,24784.960203,79332.577577,49776.609953
199,"34;108;144;225",95064.038057,false,5926.091401,25087.289143,79550.042441,48551.272586
200,"34;103;139;225",94726.385065,false,5550.193592,25850.499984,78790.133722,47861.249256
201,"34;103;149;225",94845.803180,false,5602.222704,25699.453115,79626.278685,47461.976036
202,"34;103;144;220",94583.156709,false,5783.661782,25508.397095,77531.086763,49051.108902
203,"34;103;144;230",94466.369430,true,5794.199346,25332.199647,78242.115807,48437.825068
204,"24;103;144;225",93224.420367,false,5629.801849,24810.457053,78808.671196,46759.651733
205,"34;103;144;225",93342.533068,true,5668.292571,24871.911677,78899.438505,46705.219134
206,"29;98;144;225",95237.129763,false,5970.811355,24705.205321,79396.599614,49725.626558
207,"29;108;144;225",94944.652995,false,5919.231263,24958.777027,79472.909002,48660.380407
208,"29;103;139;225",94555.783107,false,5562.207160,25758.899923,78659.325220,47810.026827
209,"29;103;149;225",94559.974607,false,5516.999278,25597.228132,79326.452860,47565.041535
210,"29;103;144;220",94613.365668,false,5779.964491,25479.324026,77660.734185,49047.420115
211,"29;103;144;230",94462.193901,true,5879.244734,25289.701596,77753.541956,48832.953185
212,"27;85;141;263",96752.511062,false,6075.705578,25243.750758,77753.892497,53112.216957
213,"22;85;141;263",97046.066109,false,6139.511423,25307.824046,77499.771158,53697.690124
214,"32;85;141;263",96282.672596,false,6075.846535,25034.431867,77940.248148,52404.540239
215,"27;80;141;263",95084.377056,false,6109.627372,24911.850636,78176.434785,49949.363309
216,"27;90;141;263",96192.338683,false,5920.784866,25297.460606,77187.167316,52761.019105
217,"27;85;136;263",102477.206216,false,6527.170116,27288.327477,77882.684561,59440.732686
218,"27;85;146;263",101821.323847,false,6230.375412,27169.898858,78649.973980,58192.125173
219,"27;85;141;258",94121.761823,false,6292.237952,24471.777706,77664.584456,49050.907874
220,"27;85;141;268",95411.602874,false,5835.351432,25177.202670,78664.704267,50133.393278
221,"22;85;141;258",94529.153566,false,6310.340736,24598.044773,77506.819747,49734.716367
222,"32;85;141;258",93695.718863,false,6292.396379,24320.338943,77926.556727,48239.410354
223,"27;80;141;258",93437.786574,false,6261.444921,24221.601995,78700.035452,47209.443863
224,"27;90;141;258",92937.387469,false,5998.459460,24301.126340,77967.215066,47308.388272
225,"27;85;136;258",99210.683055,false,6684.888205,26277.215789,77994.214118,54502.944003
226,"27;85;146;258",98632.968089,false,6592.074809,25968.359069,78028.919522,54116.148901
227,"27;85;141;253",95288.317049,false,6161.461181,24820.871522,77765.006022,50846.962670
228,"27;85;141;263",96752.511062,true,6075.705578,25243.750758,77753.892497,53112.216957
229,"22;90;141;258",93210.918299,false,6038.288008,24365.146832,77642.603027,47972.363892
230,"32;90;141;258",92600.931157,false,6014.166459,24230.644002,78129.875581,46582.365811
231,"27;85;141;258",94121.761823,true,6292.237952,24471.777706,77664.584456,49050.907874
232,"27;95;141;258",91072.316604,false,6135.770032,23551.261256,78476.515601,44294.055031
233,"27;90;136;258",97774.963956,false,6351.662645,26055.718604,78092.185368,52642.980046
234,"27;90;146;258",97380.670494,false,6211.539246,25881.608040,78324.166894,52250.879520
235,"27;90;141;253",94126.977323,false,5940.071049,24758.235589,77865.152895,48992.188476
236,"27;90;141;263",96192.338683,true,5920.784866,25297.460606,77187.167316,52761.019105
237,"22;95;141;258",91253.649337,false,6162.688577,23549.972980,78170.038375,44911.937183
238,"32;95;141;258",90706.775214,false,6121.905432,23435.288126,78664.664386,43634.498926
239,"27;90;141;258",92937.387469,true,5998.459460,24301.126340,77967.215066,47308.388272
240,"27;100;141;258",90881.036172,false,6014.312038,23746.121637,78306.184374,43935.020620
241,"27;95;136;258",95925.180793,false,6479.420280,25283.395558,78647.828011,49676.901901
242,"27;95;146;258",95243.229304,false,6285.512405,25092.468448,78635.892962,49094.603940
243,"27;95;141;253",92025.584053,false,5954.050554,23900.779780,78536.447880,45805.059557
244,"27;95;141;263",94121.292544,false,6053.940831,24304.539639,77721.194852,49804.429295
245,"27;95;141;258",91072.316604,true,6135.770032,23551.261256,78476.515601,44294.055031
246,"37;95;141;258",90674.994520,false,6085.626924,23383.142663,79085.145353,43327.304513
247,"32;90;141;258",92600.931157,true,6014.166459,24230.644002,78129.875581,46582.365811
248,"32;100;141;258",90623.901981,false,6040.168258,23648.015266,78651.424520,43220.012393
249,"32;95;136;258",95303.929592,false,6422.545000,25209.152830,78573.940139,48770.523384
250,"32;95;146;258",95010.481622,false,6313.828872,24957.109084,79038.297933,48440.789399
251,"32;95;141;253",91650.372686,false,5918.742016,23802.585683,78631.915282,45226.174693
252,"32;95;141;263",93651.130991,false,6027.048199,24172.983573,77940.140040,48962.058398
253,"27;100;141;258",90881.036172,true,6014.312038,23746.121637,78306.184374,43935.020620
254,"37;100;141;258",90589.924939,false,5997.510771,23561.898527,78968.779025,43092.252257
255,"32;95;141;258",90706.775214,true,6121.905432,23435.288126,78664.664386,43634.498926
256,"32;105;141;258",90064.242153,false,5886.900265,23691.676903,77630.410170,43340.919800
257,"32;100;136;258",95264.927778,false,6414.286229,25210.778407,78819.379733,48460.346552
258,"32;100;146;258",94897.051434,false,6334.646654,24922.456331,79181.656293,48098.240604
259,"32;100;141;253",92022.390766,false,5991.316297,24037.457193,78731.041973,45256.192577
260,"32;100;141;263",93712.737721,false,6029.000056,24242.047329,78432.204347,48451.176323
261,"27;105;141;258",90352.507039,false,5849.929503,23869.629714,77239.456038,44026.439607
262,"37;105;141;258",90015.115880,false,5869.114027,23590.581939,77963.555058,43147.284772
263,"32;100;141;258",90623.901981,true,6040.168258,23648.015266,78651.424520,43220.012393
264,"32;110;141;258",91241.625903,false,6045.117111,23532.472898,78035.970007,45292.101782
265,"32;105;136;258",94678.189121,false,6455.519875,25204.165019,77890.650553,48146.357900
266,"32;105;146;258",94143.818439,false,6118.477263,25190.774684,78093.667571,47575.465413
267,"32;105;141;253",91400.936688,false,5742.529522,24192.812098,77907.724426,45023.465709
268,"32;105;141;263",92244.338089,false,5898.000380,24120.585101,77500.347965,46951.157249
269,"32;105;141;258",90064.242153,true,5886.900265,23691.676903,77630.410170,43340.919800
270,"42;105;141;258",90113.771159,false,5909.919020,23537.309565,78231.140039,43101.945108
271,"37;100;141;258",90589.924939,true,5997.510771,23561.898527,78968.779025,43092.252257
272,"37;110;141;258",91112.875435,false,5949.314233,23423.561951,78334.666273,45145.332232
273,"37;105;136;258",94299.589101,false,6308.959020,25044.283953,78026.532588,47866.159667
274,"37;105;146;258",93987.986806,false,6064.361501,25071.691272,78290.721998,47413.146068
275,"37;105;141;253",91384.359009,false,5748.279746,24080.715526,78293.639495,44817.087977
276,"37;105;141;263",92157.103691,false,5854.010134,24078.874238,77722.520155,46725.918483
277,"37;111;150;265",97842.045601,false,6026.753790,25815.657191,78873.097286,53126.171954
278,"32;111;150;265",98084.628332,false,6141.817725,25945.647596,78876.858042,53117.467980
279,"42;111;150;265",97974.248551,false,6153.986950,25794.153284,78732.342541,53319.874093
280,"37;106;150;265",96434.597316,false,5855.819827,25499.221346,78983.292031,51175.820255
281,"37;116;150;265",98299.884338,false,6204.551268,25814.451275,79154.971758,53406.791832
282,"37;111;145;265",97908.813454,false,5922.684695,25965.166066,78816.247024,53225.678362
283,"37;111;155;265",99817.646717,false,5901.751723,26875.634346,79568.181436,54512.339860
284,"37;111;150;260",98473.093815,false,6337.876500,25829.512645,78135.783900,54475.625440
285,"37;111;150;270",95725.167093,false,5809.819392,24784.692422,79358.320568,50902.989989
286,"32;111;150;270",96081.225238,false,5983.517117,24933.817618,79504.090459,50823.690546
287,"42;111;150;270",95634.950343,false,5892.203716,24746.673759,78919.302395,51072.843341
288,"37;106;150;270",95185.232550,false,5823.002541,24673.790932,79465.409551,49911.468603
289,"37;116;150;270",96176.211762,false,5970.978903,24846.635970,79516.030986,51201.162791
290,"37;111;145;270",96029.314053,false,5736.855555,25081.850101,78912.218149,51508.998645
291,"37;111;155;270",97578.104312,false,5682.090528,25768.469895,80248.818630,52006.269149
292,"37;111;150;265",97842.045601,true,6026.753790,25815.657191,78873.097286,53126.171954
293,"37;111;150;275",95960.001629,false,6165.641346,24499.963075,78610.593110,51978.201306
294,"32;106;150;270",95609.331919,false,6014.224051,24840.936683,79654.205962,49854.136407
295,"42;106;150;270",95000.291057,false,5873.378384,24619.361144,78990.709065,50024.393990
296,"37;101;150;270",96516.915629,false,5907.983128,24871.816357,79694.987355,51779.244933
297,"37;111;150;270",95725.167093,true,5809.819392,24784.692422,79358.320568,50902.989989
298,"37;106;145;270",95496.343890,false,5582.470831,25153.277834,78965.842645,50555.347805
299,"37;106;155;270",97110.721276,false,5567.284929,25765.527755,80307.566800,51248.250385
300,"37;106;150;265",96434.597316,true,5855.819827,25499.221346,78983.292031,51175.820255
301,"37;106;150;275",95401.847650,false,6028.301484,24557.999647,78625.272740,51005.820298
302,"37;106;150;270",95185.232550,true,5823.002541,24673.790932,79465.409551,49911.468603
303,"47;106;150;270",95556.924404,false,6014.615375,24700.222644,79555.069167,50129.103601
304,"42;101;150;270",96281.637191,false,5896.268383,24836.209279,79402.313022,51696.006034
305,"42;111;150;270",95634.950343,true,5892.203716,24746.673759,78919.302395,51072.843341
306,"42;106;145;270",95378.126107,false,5611.531979,25143.407709,78730.257038,50516.115800
307,"42;106;155;270",96914.633334,false,5618.773466,25714.479815,79837.874331,51324.885775
308,"42;106;150;265",96485.692953,false,5953.320755,25494.191821,78788.500815,51287.859940
309,"42;106;150;275",95123.287980,false,6029.978055,24507.873329,78281.097975,50889.775218
310,"43;112;141;264",94965.676714,false,6065.029852,24607.964199,78724.493227,49860.872097
311,"38;112;141;264",94436.990696,false,5947.192305,24629.775432,78258.967316,49461.078601
312,"48;112;141;264",95263.929812,false,6103.929051,24654.008679,79163.395700,49848.588465
313,"43;107;141;264",93217.254913,false,5816.285000,24310.415158,78847.889923,47333.219588
314,"43;117;141;264",94910.185286,false,5880.373343,24436.087387,79087.732461,50099.716652
315,"43;112;136;264",99881.792456,false,6031.859959,26446.705339,78982.193448,55824.260869
316,"43;112;146;264",99339.586408,false,5948.442441,26405.735274,79542.310523,54428.506862
317,"43;112;141;259",95582.998212,false,6219.839758,24554.453260,78242.093427,51375.316961
318,"43;112;141;269",93654.066944,false,5888.062205,24190.165602,79001.032318,48150.645958
319,"38;107;141;264",92733.271381,false,5755.210008,24315.879127,78317.982468,47006.382026
320,"48;107;141;264",93478.172722,false,5861.457337,24296.490048,79347.286321,47293.164352
321,"43;102;141;264",90892.754381,false,5570.800416,23663.312719,78704.241049,44613.041442
322,"43;112;141;264",94965.676714,true,6065.029852,24607.964199,78724.493227,49860.872097
323,"43;107;136;264",98079.302780,false,6067.564135,26185.838785,79350.112922,52301.686798
324,"43;107;146;264",97491.298777,false,5842.964077,26168.687465,79411.156744,51548.137726
325,"43;107;141;259",93667.716054,false,5988.038324,24470.664672,78213.382928,48204.643189
326,"43;107;141;269",92317.338241,false,5719.678824,23995.637345,78991.147115,46212.897030
327,"38;102;141;264",90433.957734,false,5453.282497,23690.229281,78034.603577,44546.288335
328,"48;102;141;264",91125.653770,false,5578.309797,23702.872933,79205.336757,44483.605322
329,"43;97;141;264",93887.688620,false,5951.487191,24252.667134,79155.806333,48211.262256
330,"43;107;141;264",93217.254913,true,5816.285000,24310.415158,78847.889923,47333.219588
331,"43;102;136;264",95153.824167,false,5922.391806,25140.876506,78646.699195,49534.412514
332,"43;102;146;264",94775.331858,false,5603.002794,25069.779395,79198.648387,49006.450950
333,"43;102;141;259",91120.572888,false,5650.496822,23856.890140,78130.616600,45095.755252
334,"43;102;141;269",90271.020000,false,5379.959717,23491.445462,79059.498917,43739.730725
335,"38;102;141;269",89893.935739,false,5271.968656,23504.586733,78469.362913,43765.397787
336,"48;102;141;269",90654.871662,false,5532.323207,23553.618097,79433.226902,43704.633814
337,"43;97;141;269",93620.698967,false,5820.668584,24191.041575,79400.369334,47817.608282
338,"43;107;141;269",92317.338241,true,5719.678824,23995.637345,78991.147115,46212.897030
339,"43;102;136;269",94517.567382,false,5724.030127,24917.302755,78938.694969,48813.774030
340,"43;102;146;269",94015.716347,false,5443.100001,24818.421360,79168.049987,48340.339985
341,"43;102;141;264",90892.754381,true,5570.800416,23663.312719,78704.241049,44613.041442
342,"43;102;141;274",90101.212697,false,5578.542626,23189.832878,78718.127402,43947.546984
343,"33;102;141;269",90044.643700,false,5334.704190,23534.125388,78517.905703,43833.722540
344,"43;102;141;269",90271.020000,true,5379.959717,23491.445462,79059.498917,43739.730725
345,"38;97;141;269",93211.527094,false,5701.847702,24176.392440,78909.050055,47757.523849
346,"38;107;141;269",91935.985176,false,5665.095473,24002.712311,78509.370535,46026.984248
347,"38;102;136;269",94315.859568,false,5664.445237,24946.826872,78705.150079,48704.024841
348,"38;102;146;269",93838.969375,false,5358.088123,24922.590732,78796.020371,48320.560668
349,"38;102;141;264",90433.957734,true,5453.282497,23690.229281,78034.603577,44546.288335
350,"38;102;141;274",89769.128379,false,5481.666251,23218.316280,78231.700769,43906.590927
351,"33;102;141;274",89936.493563,false,5554.651955,23252.529052,78291.676878,43966.948235
352,"43;102;141;274",90101.212697,true,5578.542626,23189.832878,78718.127402,43947.546984
353,"38;97;141;274",92985.806727,false,5896.770760,23897.724529,78726.286202,47656.336676
354,"38;107;141;274",91696.537138,false,5972.458132,23547.644089,78481.715605,45871.154230
355,"38;102;136;274",93756.554072,false,5854.439186,24577.573927,77878.160848,48770.921070
356,"38;102;146;274",93612.641602,false,5548.170716,24577.547521,78440.127127,48533.719603
357,"38;102;141;269",89893.935739,true,5271.968656,23504.586733,78469.362913,43765.397787
358,"38;102;141;279",89910.866243,false,5552.155602,23436.053581,77083.441507,44761.872614
359,"38;110;133;281",98326.838343,false,6593.444683,25428.565336,77160.063757,55449.592891
360,"33;110;133;281",98101.105725,false,6584.222349,25437.950975,76539.954100,55617.910701
361,"43;110;133;281",98159.579398,false,6550.693474,25352.465597,76931.659490,55581.181164
362,"38;105;133;281",96525.284935,false,6406.479241,25384.673867,76888.362190,52579.901463
363,"38;115;133;281",98469.130839,false,6804.504461,25672.040831,76685.775345,55299.395749
364,"38;110;128;281",99643.494257,false,6748.080216,26357.236074,77961.799846,55114.556087
365,"38;110;138;281",98038.382160,false,6272.326596,25767.184203,76431.227434,55566.515290
366,"38;110;133;276",98843.616990,false,6732.352315,25279.525291,78409.097630,55254.381137
367,"38;110;133;286",99351.182390,false,6679.399043,25856.710495,76374.870699,57255.275004
368,"33;105;133;281",96835.819300,false,6549.591238,25403.044504,76991.679153,52774.687961
369,"43;105;133;281",96793.258583,false,6476.455230,25337.618053,77291.819501,52666.551099
370,"38;100;133;281",97542.434556,false,6680.764451,24950.032007,79305.620713,52517.655483
371,"38;110;133;281",98326.838343,true,6593.444683,25428.565336,77160.063757,55449.592891
372,"38;105;128;281",98360.113003,false,6543.259884,26438.808433,78355.205072,52400.884302
373,"38;105;138;281",96731.910510,false,6072.382947,25836.431329,76639.569372,53006.623094
374,"38;105;133;276",96604.735716,false,6682.963281,25017.587249,77596.213992,52212.156381
375,"38;105;133;286",96584.657280,false,6550.434379,25237.261859,76983.396651,52610.525434
376,"46;93;141;280",92297.589409,false,5967.001109,23747.922946,78416.678675,46748.652033
377,"41;93;141;280",91837.735533,false,5836.761557,23714.957240,77921.157333,46650.876140
378,"51;93;141;280",92086.255793,false,5911.006927,23710.901928,78311.847852,46616.846024
379,"46;88;141;280",94158.195668,false,6274.747398,24189.464733,78180.588729,49207.378345
380,"46;98;141;280",91840.592520,false,6252.266949,23027.015122,78474.179797,46648.441101
381,"46;93;136;280",97402.403455,false,6066.123756,25648.244546,79093.927334,52282.142972
382,"46;93;146;280",96876.173295,false,6015.795681,25578.044382,78409.433692,52155.232771
383,"46;93;141;275",92940.031478,false,5851.162602,23788.726555,79410.640313,47189.644329
384,"46;93;141;285",94289.431270,false,5951.811982,24388.711082,78700.028922,49197.787490
385,"36;93;141;280",91910.120230,false,5835.494441,23754.651252,78016.087042,46623.862032
386,"46;93;141;280",92297.589409,true,5967.001109,23747.922946,78416.678675,46748.652033
387,"41;88;141;280",93610.261498,false,6128.962590,24139.498582,77533.049573,49150.551078
388,"41;98;141;280",91299.092669,false,6047.161599,23055.572373,77961.232761,46431.484635
389,"41;93;136;280",96486.986511,false,5927.922814,25562.322223,77885.955143,52107.527805
390,"41;93;146;280",96291.396039,false,5874.906001,25465.024786,77770.578056,52132.352447
391,"41;93;141;275",92470.010693,false,5746.523405,23742.528428,78744.560823,47217.356898
392,"41;93;141;285",93885.618165,false,5835.696876,24341.512958,78260.873073,49155.943589
393,"36;98;141;280",91334.391069,false,6062.257292,23082.906893,78116.202359,46262.251407
394,"46;98;141;280",91840.592520,true,6252.266949,23027.015122,78474.179797,46648.441101
395,"41;93;141;280",91837.735533,true,5836.761557,23714.957240,77921.157333,46650.876140
396,"41;103;141;280",91358.704083,false,5899.673112,23714.313437,76735.083356,46754.351711
397,"41;98;136;280",96093.062419,false,6260.072159,25069.135807,77747.337132,51780.371775
398,"41;98;146;280",95569.304306,false,6111.961462,24959.021455,77880.733996,51115.908782
399,"41;98;141;275",92809.566561,false,5912.260417,23610.443910,78765.359738,47808.364730
400,"41;98;141;285",92722.556228,false,6014.774319,23420.041838,77728.549184,48846.930956
401,"47;96;141;267",93820.670794,false,5767.924566,24431.623397,79798.029428,47444.216236
402,"42;96;141;267",93233.340773,false,5619.985099,24369.341334,79042.709515,47445.319163
403,"52;96;141;267",93865.169227,false,5823.289293,24349.745621,80032.214257,47352.054369
404,"47;91;141;267",94557.395464,false,5661.567965,24838.274334,80247.912669,47867.193662
405,"47;101;141;267",93572.756372,false,5689.770860,24523.120563,80124.255226,46595.474671
406,"47;96;136;267",98694.292075,false,5909.752249,26327.194343,79317.054234,53597.636731
407,"47;96;146;267",98611.092737,false,5823.747192,26242.555695,79968.224543,53121.355158
408,"47;96;141;262",94256.064332,false,6039.933361,24437.681964,78995.472355,48561.425658
409,"47;96;141;272",92557.226819,false,6013.390620,23588.854707,79829.263840,46080.699144
410,"42;96;141;272",92128.158708,false,5926.397013,23608.212189,79178.297038,46008.801973
411,"52;96;141;272",92675.703658,false,6100.532305,23556.827334,79998.479767,46038.208271
412,"47;91;141;272",92258.048285,false,6129.004483,23515.165527,79960.018062,45267.738486
413,"47;101;141;272",92055.708074,false,5936.386922,23475.595822,79868.278798,45419.171861
414,"47;96;136;272",97481.155482,false,6389.443633,25170.454397,80234.671766,51607.843139
415,"47;96;146;272",96825.385468,false,6146.484083,25141.889898,80219.543264,50854.479709
416,"47;96;141;267",93820.670794,true,5767.924566,24431.623397,79798.029428,47444.216236
417,"47;96;141;277",93395.995869,false,5944.090064,23910.825828,78940.704255,48141.455697
418,"42;101;141;272",91507.171974,false,5788.665896,23454.968449,79075.884381,45451.190879
419,"52;101;141;272",92262.374016,false,6018.922294,23453.280095,80083.631225,45496.712031
420,"47;96;141;272",92557.226819,true,6013.390620,23588.854707,79829.263840,46080.699144
421,"47;106;141;272",91072.104969,false,5918.222916,23079.272488,79517.059265,44632.159865
422,"47;101;136;272",96584.356441,false,6085.872062,25270.982699,79640.612648,50814.390710
423,"47;101;146;272",96157.555586,false,6056.361031,24983.730397,80016.327650,50218.600668
424,"47;101;141;267",93572.756372,true,5689.770860,24523.120563,80124.255226,46595.474671
425,"47;101;141;277",93888.385761,false,6050.159865,24198.091870,78895.343866,48384.924186
426,"42;106;141;272",90602.905177,false,5872.746666,23084.384237,78743.542094,44548.006455
427,"52;106;141;272",91133.495821,false,5885.366203,23057.819698,79793.421978,44587.197861
428,"47;101;141;272",92055.708074,true,5936.386922,23475.595822,79868.278798,45419.171861
429,"47;111;141;272",91227.490938,false,6106.665947,22961.735367,79475.754207,44842.425040
430,"47;106;136;272",95562.474747,false,6136.355202,24754.851423,79715.535807,49627.000438
431,"47;106;146;272",95124.988280,false,6013.966310,24675.094938,79597.785480,49274.068586
432,"47;106;141;267",92497.276974,false,5702.101292,24121.555418,79572.434579,45774.805949
433,"47;106;141;277",92666.924574,false,6039.403295,23672.516744,78335.364826,47574.644243
434,"37;106;141;272",90657.549721,false,5783.570032,23122.684580,78879.401979,44623.188238
435,"47;106;141;272",91072.104969,true,5918.222916,23079.272488,79517.059265,44632.159865
436,"42;101;141;272",91507.171974,true,5788.665896,23454.968449,79075.884381,45451.190879
437,"42;111;141;272",90696.315867,false,5957.041002,22920.399426,78696.308363,44941.442514
438,"42;106;136;272",94934.187382,false,5991.070099,24717.484514,78825.399242,49625.866297
439,"42;106;146;272",94551.278360,false,5852.672653,24642.897812,78826.858354,49284.557436
440,"42;106;141;267",91816.165397,false,5569.358361,24068.688501,78720.983471,45635.253600
441,"42;106;141;277",92175.667290,false,6000.327538,23642.563661,77684.894939,47380.657243
